patient_id,subject_id,brats_id,scan_letter,prior_craniotomy_biopsy_resection,total_scans_in_source
100101,100101A,BraTS-MET-00553-000,A,No,1
100102,100102A,BraTS-MET-00554-000,A,No,1
100103,100103A,BraTS-MET-00555-000,A,No,1
100105,100105A,BraTS-MET-00556-000,A,No,1
100106,100106A,BraTS-MET-00557-000,A,No,1
100107,100107A,BraTS-MET-00558-000,A,No,1
100108,100108A,BraTS-MET-00559-000,A,No,5
100109,100109A,BraTS-MET-00560-000,A,No,1
100111,100111A,BraTS-MET-00561-000,A,No,3
100113,100113A,BraTS-MET-00562-000,A,No,3
100116,100116A,BraTS-MET-00563-000,A,No,1
100117,100117A,BraTS-MET-00564-000,A,No,1
100118,100118A,BraTS-MET-00565-000,A,No,1
100119,100119A,BraTS-MET-00566-000,A,No,1
100120,100120A,BraTS-MET-00567-000,A,No,1
100121,100121A,BraTS-MET-00568-000,A,No,2
100122,100122A,BraTS-MET-00569-000,A,No,2
100123,100123A,BraTS-MET-00570-000,A,No,1
100124,100124A,BraTS-MET-00571-000,A,No,1
100125,100125A,BraTS-MET-00572-000,A,No,1
100128,100128A,BraTS-MET-00573-000,A,No,1
100129,100129A,BraTS-MET-00574-000,A,No,1
100130,100130A,BraTS-MET-00575-000,A,No,1
100131,100131A,BraTS-MET-00576-000,A,No,1
100132,100132A,BraTS-MET-00577-000,A,No,3
100133,100133A,BraTS-MET-00578-000,A,No,1
100137,100137A,BraTS-MET-00579-000,A,No,1
100139,100139A,BraTS-MET-00580-000,A,No,3
100140,100140A,BraTS-MET-00581-000,A,No,1
100141,100141A,BraTS-MET-00582-000,A,No,1
100142,100142A,BraTS-MET-00583-000,A,No,1
100143,100143A,BraTS-MET-00584-000,A,No,1
100144,100144A,BraTS-MET-00585-000,A,No,1
100145,100145A,BraTS-MET-00586-000,A,No,1
100146,100146A,BraTS-MET-00587-000,A,No,1
100147,100147A,BraTS-MET-00588-000,A,No,2
100148,100148A,BraTS-MET-00589-000,A,No,1
100149,100149A,BraTS-MET-00590-000,A,No,1
100150,100150A,BraTS-MET-00591-000,A,No,2
100151,100151A,BraTS-MET-00592-000,A,No,1
100152,100152A,BraTS-MET-00593-000,A,No,2
100153,100153A,BraTS-MET-00594-000,A,No,2
100154,100154A,BraTS-MET-00595-000,A,No,4
100155,100155A,BraTS-MET-00596-000,A,No,2
100156,100156A,BraTS-MET-00597-000,A,No,1
100157,100157A,BraTS-MET-00598-000,A,No,2
100161,100161A,BraTS-MET-00599-000,A,No,4
100162,100162A,BraTS-MET-00600-000,A,No,1
100163,100163A,BraTS-MET-00601-000,A,No,3
100164,100164A,BraTS-MET-00602-000,A,No,2
100165,100165A,BraTS-MET-00603-000,A,No,1
100166,100166A,BraTS-MET-00604-000,A,No,1
100167,100167A,BraTS-MET-00605-000,A,No,1
100168,100168A,BraTS-MET-00606-000,A,No,1
100169,100169A,BraTS-MET-00607-000,A,No,1
100170,100170A,BraTS-MET-00608-000,A,No,1
100172,100172A,BraTS-MET-00609-000,A,No,1
100173,100173A,BraTS-MET-00610-000,A,No,1
100174,100174A,BraTS-MET-00611-000,A,No,1
100176,100176A,BraTS-MET-00612-000,A,No,1
100177,100177A,BraTS-MET-00613-000,A,No,2
100178,100178A,BraTS-MET-00614-000,A,No,1
100179,100179A,BraTS-MET-00615-000,A,No,1
100181,100181A,BraTS-MET-00616-000,A,No,1
100182,100182A,BraTS-MET-00617-000,A,No,1
100183,100183A,BraTS-MET-00618-000,A,No,1
100184,100184A,BraTS-MET-00619-000,A,No,1
100185,100185A,BraTS-MET-00620-000,A,No,1
100186,100186A,BraTS-MET-00621-000,A,No,1
100187,100187A,BraTS-MET-00622-000,A,No,1
100190,100190A,BraTS-MET-00623-000,A,No,2
100191,100191A,BraTS-MET-00624-000,A,No,1
100192,100192A,BraTS-MET-00625-000,A,No,1
100193,100193A,BraTS-MET-00626-000,A,No,2
100194,100194A,BraTS-MET-00627-000,A,No,1
100195,100195A,BraTS-MET-00628-000,A,No,1
100196,100196A,BraTS-MET-00629-000,A,No,2
100200,100200A,BraTS-MET-00630-000,A,No,3
100202,100202A,BraTS-MET-00631-000,A,No,3
100203,100203A,BraTS-MET-00632-000,A,No,1
100204,100204A,BraTS-MET-00633-000,A,No,1
100205,100205A,BraTS-MET-00634-000,A,No,1
100209,100209A,BraTS-MET-00635-000,A,No,2
100210,100210A,BraTS-MET-00636-000,A,No,2
100211,100211A,BraTS-MET-00637-000,A,No,1
100212,100212A,BraTS-MET-00638-000,A,No,3
100214,100214A,BraTS-MET-00639-000,A,No,4
100216,100216A,BraTS-MET-00640-000,A,No,2
100218,100218A,BraTS-MET-00641-000,A,No,3
100219,100219A,BraTS-MET-00642-000,A,No,1
100221,100221A,BraTS-MET-00643-000,A,No,1
100222,100222A,BraTS-MET-00644-000,A,No,2
100223,100223A,BraTS-MET-00645-000,A,No,1
100224,100224A,BraTS-MET-00646-000,A,No,1
100226,100226A,BraTS-MET-00647-000,A,No,2
100227,100227A,BraTS-MET-00648-000,A,No,2
100228,100228A,BraTS-MET-00649-000,A,No,1
100229,100229A,BraTS-MET-00650-000,A,No,1
100233,100233A,BraTS-MET-00651-000,A,No,1
100237,100237A,BraTS-MET-00652-000,A,No,1
100238,100238A,BraTS-MET-00653-000,A,No,7
100239,100239A,BraTS-MET-00654-000,A,No,2
100241,100241A,BraTS-MET-00655-000,A,No,1
100243,100243A,BraTS-MET-00656-000,A,No,2
100245,100245A,BraTS-MET-00657-000,A,No,1
100248,100248A,BraTS-MET-00658-000,A,No,3
100249,100249A,BraTS-MET-00659-000,A,No,1
100250,100250A,BraTS-MET-00660-000,A,No,1
100252,100252A,BraTS-MET-00661-000,A,No,2
100253,100253A,BraTS-MET-00662-000,A,No,1
100255,100255A,BraTS-MET-00663-000,A,No,5
100256,100256A,BraTS-MET-00664-000,A,No,2
100257,100257A,BraTS-MET-00665-000,A,No,1
100260,100260A,BraTS-MET-00666-000,A,No,1
100261,100261A,BraTS-MET-00667-000,A,No,2
100262,100262A,BraTS-MET-00668-000,A,No,1
100263,100263A,BraTS-MET-00669-000,A,No,1
100265,100265A,BraTS-MET-00670-000,A,No,1
100266,100266A,BraTS-MET-00671-000,A,No,1
100268,100268A,BraTS-MET-00672-000,A,No,1
100269,100269A,BraTS-MET-00673-000,A,No,1
100270,100270A,BraTS-MET-00674-000,A,No,1
100271,100271A,BraTS-MET-00675-000,A,No,2
100272,100272A,BraTS-MET-00676-000,A,No,1
100273,100273A,BraTS-MET-00677-000,A,No,1
100275,100275A,BraTS-MET-00678-000,A,No,1
100276,100276A,BraTS-MET-00679-000,A,No,1
100277,100277A,BraTS-MET-00680-000,A,No,1
100278,100278A,BraTS-MET-00681-000,A,No,1
100279,100279A,BraTS-MET-00682-000,A,No,2
100284,100284A,BraTS-MET-00683-000,A,No,1
100285,100285A,BraTS-MET-00684-000,A,No,2
100286,100286A,BraTS-MET-00685-000,A,No,1
100288,100288A,BraTS-MET-00686-000,A,No,1
100289,100289A,BraTS-MET-00687-000,A,No,1
100290,100290A,BraTS-MET-00688-000,A,No,1
100291,100291A,BraTS-MET-00689-000,A,No,2
100295,100295A,BraTS-MET-00690-000,A,No,1
100296,100296A,BraTS-MET-00691-000,A,No,2
100298,100298A,BraTS-MET-00692-000,A,No,1
100299,100299A,BraTS-MET-00693-000,A,No,1
100300,100300A,BraTS-MET-00694-000,A,No,4
100301,100301A,BraTS-MET-00695-000,A,No,2
100303,100303A,BraTS-MET-00696-000,A,No,1
100305,100305A,BraTS-MET-00697-000,A,No,3
100306,100306A,BraTS-MET-00698-000,A,No,1
100307,100307A,BraTS-MET-00699-000,A,No,1
100308,100308A,BraTS-MET-00700-000,A,No,3
100309,100309A,BraTS-MET-00701-000,A,No,1
100310,100310A,BraTS-MET-00702-000,A,No,3
100312,100312A,BraTS-MET-00703-000,A,No,2
100314,100314A,BraTS-MET-00704-000,A,No,1
100315,100315A,BraTS-MET-00705-000,A,No,1
100316,100316A,BraTS-MET-00706-000,A,No,1
100317,100317A,BraTS-MET-00707-000,A,No,1
100318,100318A,BraTS-MET-00708-000,A,No,2
100319,100319A,BraTS-MET-00709-000,A,No,2
100321,100321A,BraTS-MET-00710-000,A,No,1
100322,100322A,BraTS-MET-00711-000,A,No,2
100324,100324A,BraTS-MET-00712-000,A,No,2
100325,100325A,BraTS-MET-00713-000,A,No,1
100326,100326A,BraTS-MET-00714-000,A,No,2
100327,100327A,BraTS-MET-00715-000,A,No,1
100328,100328A,BraTS-MET-00716-000,A,No,1
100329,100329A,BraTS-MET-00717-000,A,No,1
100331,100331A,BraTS-MET-00718-000,A,No,1
100333,100333A,BraTS-MET-00719-000,A,No,1
100334,100334A,BraTS-MET-00720-000,A,No,1
100335,100335A,BraTS-MET-00721-000,A,No,3
100336,100336A,BraTS-MET-00722-000,A,No,1
100338,100338A,BraTS-MET-00723-000,A,No,3
100339,100339A,BraTS-MET-00724-000,A,No,1
100340,100340A,BraTS-MET-00725-000,A,No,1
100341,100341A,BraTS-MET-00726-000,A,No,1
100343,100343A,BraTS-MET-00727-000,A,No,1
100344,100344A,BraTS-MET-00728-000,A,No,1
100346,100346A,BraTS-MET-00729-000,A,No,1
100347,100347A,BraTS-MET-00730-000,A,No,2
100348,100348A,BraTS-MET-00731-000,A,No,1
100349,100349A,BraTS-MET-00732-000,A,No,2
100350,100350A,BraTS-MET-00733-000,A,No,1
100351,100351A,BraTS-MET-00734-000,A,No,1
100352,100352A,BraTS-MET-00735-000,A,No,1
100353,100353A,BraTS-MET-00736-000,A,No,1
100354,100354A,BraTS-MET-00737-000,A,No,1
100355,100355A,BraTS-MET-00738-000,A,No,2
100356,100356A,BraTS-MET-00739-000,A,No,2
100357,100357A,BraTS-MET-00740-000,A,No,3
100358,100358A,BraTS-MET-00741-000,A,No,1
100360,100360A,BraTS-MET-00742-000,A,No,1
100361,100361A,BraTS-MET-00743-000,A,No,2
100362,100362A,BraTS-MET-00744-000,A,No,1
100363,100363A,BraTS-MET-00745-000,A,No,2
100364,100364A,BraTS-MET-00746-000,A,No,1
100367,100367A,BraTS-MET-00747-000,A,No,2
100368,100368A,BraTS-MET-00748-000,A,No,1
100369,100369A,BraTS-MET-00749-000,A,No,3
100371,100371A,BraTS-MET-00750-000,A,No,1
100373,100373A,BraTS-MET-00751-000,A,No,1
100374,100374A,BraTS-MET-00752-000,A,No,1
100375,100375A,BraTS-MET-00753-000,A,No,1
100377,100377A,BraTS-MET-00754-000,A,No,1
100378,100378A,BraTS-MET-00755-000,A,No,1
100379,100379A,BraTS-MET-00756-000,A,No,2
100381,100381A,BraTS-MET-00757-000,A,No,1
100383,100383A,BraTS-MET-00758-000,A,No,1
100384,100384A,BraTS-MET-00759-000,A,No,2
100385,100385A,BraTS-MET-00760-000,A,No,1
100386,100386A,BraTS-MET-00761-000,A,No,4
100388,100388A,BraTS-MET-00762-000,A,No,1
100391,100391A,BraTS-MET-00763-000,A,No,1
100392,100392A,BraTS-MET-00764-000,A,No,1
100393,100393A,BraTS-MET-00765-000,A,No,1
100394,100394A,BraTS-MET-00766-000,A,No,1
100396,100396A,BraTS-MET-00767-000,A,No,1
100397,100397A,BraTS-MET-00768-000,A,No,1
100402,100402A,BraTS-MET-00769-000,A,No,1
100404,100404A,BraTS-MET-00770-000,A,No,1
100405,100405A,BraTS-MET-00771-000,A,No,1
100406,100406A,BraTS-MET-00772-000,A,No,1
100409,100409A,BraTS-MET-00773-000,A,No,2
100412,100412A,BraTS-MET-00774-000,A,No,2
